cell	bio_celltype
P60CBRep2P1_GCCCCGGGACCT	Other Interneurons
P60CBRep3P2_GCTCACCGAGTT	Other Interneurons
P60CBRep1P1_GACTCTACACCC	Other Interneurons
P60CBRep3P2_TGATTAGGCTCT	Other Interneurons
P60CBRep3P2_CTCGTCTGTAAA	Other Interneurons
P60CBRep3P1_ATCGCGGATGAA	Other Interneurons
P60CBRep2P2_AAAAAGCCTAAC	Other Interneurons
P60CBRep2P1_AATAGCCTGGAA	Other Interneurons
P60CBRep1P3_ACCTAACACTGA	Other Interneurons
P60CBRep3P2_CGTGAGTTTCGT	Other Interneurons
P60CBRep1P1_GTACCTGAGCCT	Other Interneurons
P60CBRep3P1_CGTCAGTTTAGG	Other Interneurons
P60CBRep1P3_GACCCCGATTCT	Other Interneurons
P60CBRep1P1_TGAAGATAGGTC	Other Interneurons
P60CBRep1P1_GCCCTATCTTGG	Other Interneurons
P60CBRep3P1_TGAGAATTAGTG	Other Interneurons
P60CBRep1P1_CAGCCGAAATGG	Other Interneurons
P60CBRep3P1_CTGGCGCCTACA	Other Interneurons
P60CBRep3P2_TCAACGCATGCA	Other Interneurons
P60CBRep2P2_TTCAAGGGAGCA	Other Interneurons
P60CBRep3P1_GTCGTGACACCC	Other Interneurons
P60CBRep1P3_GGAACTTTGTCA	Other Interneurons
P60CBRep1P1_GTATGTATTACC	Other Interneurons
P60CBRep3P1_GCTACTACGAAG	Other Interneurons
P60CBRep3P1_GTATACTGCAAT	Other Interneurons
P60CBRep3P2_CCGGCAGGCCCA	Other Interneurons
P60CBRep3P1_CAGCCTTCCAAT	Other Interneurons
P60CBRep3P1_TTCCATAGTCTG	Other Interneurons
P60CBRep1P1_ACTAAGAAGAAA	Other Interneurons
P60CBRep3P2_CGGGTGGCGGTC	Other Interneurons
P60CBRep1P1_GGTCCGAGCTCA	Other Interneurons
P60CBRep2P2_CGGGTTTCGTAN	Other Interneurons
P60CBRep1P2_TACAAAGACAAC	Other Interneurons
P60CBRep2P1_CTCGTGAGACGC	Other Interneurons
P60CBRep3P2_CTCCTGTATGTT	Other Interneurons
P60CBRep1P3_AAAGTTCCCTAA	Other Interneurons
P60CBRep3P1_CCTGAACCTGTC	Other Interneurons
P60CBRep2P1_AAGCGAAACACG	Other Interneurons
P60CBRep3P2_ATGCTGCACCTT	Other Interneurons
P60CBRep2P2_GAAAAGCCTAAC	Other Interneurons
P60CBRep1P3_CAAGCTGATATA	Other Interneurons
P60CBRep3P2_GCTTTAACGTTT	Other Interneurons
P60CBRep1P1_GTGAGGTAGACT	Other Interneurons
P60CBRep3P1_CAGCTAATCTGA	Other Interneurons
P60CBRep3P1_GCGATAACCAGC	Other Interneurons
P60CBRep3P2_TAGCAATAACAG	Other Interneurons
P60CBRep1P2_TATATGATCCTC	Other Interneurons
P60CBRep1P2_GTTACTGTTGTC	Other Interneurons
P60CBRep2P2_GAGTGGGCCCTC	Other Interneurons
P60CBRep1P1_GCTCTTCCGTAG	Other Interneurons
P60CBRep2P1_TACGGCCAATTT	Purkinje
P60CBRep2P1_ATTATCTGTTCA	Purkinje
P60CBRep2P1_ACGAGAGTTCTN	Purkinje
P60CBRep2P1_CTACTTACCTAT	Purkinje
P60CBRep3P2_GGACACATAAAG	Purkinje
P60CBRep2P1_GAGTATTCCAGG	Purkinje
P60CBRep3P2_CCTTACAGGCGC	Purkinje
P60CBRep2P1_GGCACATCTCAC	Purkinje
P60CBRep3P2_GTTAGGTCGGAT	Purkinje
P60CBRep2P1_TTGCAACACTAC	Purkinje
P60CBRep2P1_ACGTAGAGTTCT	Purkinje
P60CBRep3P2_GTGGAGGGTGTG	Purkinje
P60CBRep2P1_CACGCCTTTCAC	Purkinje
P60CBRep2P1_CGGTACCCTACC	Purkinje
P60CBRep2P1_GACCGGGACGTC	Purkinje
P60CBRep3P1_CGGTAAAGCCGT	Purkinje
P60CBRep3P2_CATTATTTCGGT	Purkinje
P60CBRep1P1_TATTATATCTAA	Purkinje
P60CBRep3P2_GCTGCAGCGCGC	Purkinje
P60CBRep3P1_CGTAAGTGCTCC	Purkinje
P60CBRep3P2_AGCATTTGATAG	Purkinje
P60CBRep3P2_ATGCCTACAGCT	Purkinje
P60CBRep1P1_CTATCGATTTCN	Purkinje
P60CBRep3P1_GAGGGGCACGAG	Purkinje
P60CBRep2P2_AATTATAGGACG	Purkinje
P60CBRep2P1_AATCCAGCGATC	Purkinje
P60CBRep2P2_CGTTCTTAAAGT	Purkinje
P60CBRep2P2_CAGGACACAGAC	Purkinje
P60CBRep2P2_GTTTCGCTGAAG	Purkinje
P60CBRep2P2_GCAACCGTGGCG	Purkinje
P60CBRep3P1_CTGGACACAGCC	Purkinje
P60CBRep3P1_CTGGACACAGCN	Purkinje
P60CBRep1P1_GCGAGGAGAAGN	Purkinje
P60CBRep1P1_AGCCCATCTCTN	Purkinje
P60CBRep3P2_CTGCAGCGCGCN	Purkinje
P60CBRep1P2_CTCCGACTCTGT	Purkinje
P60CBRep1P1_ATGACCCTTGAN	Purkinje
P60CBRep3P2_CGGGTAACCAAA	Purkinje
P60CBRep3P1_TACAGACACGAN	Purkinje
P60CBRep3P2_CCTACTCGATTC	Purkinje
P60CBRep1P2_ATACCGAAGTCN	Purkinje
P60CBRep1P3_ATGACCCTTGAN	Purkinje
P60CBRep1P2_CGTTCTTCAAGT	Purkinje
P60CBRep3P1_CGTAAGTCTCCN	Purkinje
P60CBRep3P1_GTCTTTAGGCGN	Purkinje
P60CBRep1P3_ATCTACCCAGCN	Purkinje
P60CBRep3P2_CGTACCGATTCN	Purkinje
P60CBRep3P2_CCTTCATGTTCG	Purkinje
P60CBRep1P3_GATATGGAAAAT	Purkinje
P60CBRep3P2_CTGTACCCACCA	Purkinje
P60CBRep1P1_GCGTCGCCAGTT	Endothelial Stalk
P60CBRep1P3_ACACAGGTTATG	Endothelial Stalk
P60CBRep3P1_CATCCAACAAGC	Endothelial Stalk
P60CBRep3P1_AACTTATTGCAN	Endothelial Stalk
P60CBRep2P2_ACATGTACATAT	Endothelial Stalk
P60CBRep1P3_CTATAATCAAAC	Endothelial Stalk
P60CBRep1P2_CGTAGAGATGGG	Endothelial Stalk
P60CBRep3P1_CGCCCTGACCAA	Endothelial Stalk
P60CBRep3P1_GCTATTTGATAT	Endothelial Stalk
P60CBRep1P3_AAAGCGCTTCAA	Endothelial Stalk
P60CBRep1P1_TTTAAATTGGGT	Endothelial Stalk
P60CBRep2P1_TCGCCAAAGCAT	Endothelial Stalk
P60CBRep1P1_ACCCACCAAGAT	Endothelial Stalk
P60CBRep3P2_CGTGACGTGCTG	Endothelial Stalk
P60CBRep1P3_GGCACATTAGAN	Endothelial Stalk
P60CBRep2P2_AACCCTAAGAGA	Endothelial Stalk
P60CBRep3P2_CAGGATAAGATT	Endothelial Stalk
P60CBRep1P3_TCCGACTCTCCT	Endothelial Stalk
P60CBRep3P1_GTCAGAGGCCTA	Endothelial Stalk
P60CBRep2P2_GCATGTACATAT	Endothelial Stalk
P60CBRep3P1_GGACGCCCAGGA	Endothelial Stalk
P60CBRep1P1_TAATCAAGACGA	Endothelial Stalk
P60CBRep1P1_TTCAGGCTGCTG	Endothelial Stalk
P60CBRep1P2_ATGTGATTGCGC	Endothelial Stalk
P60CBRep1P3_ACCTATAAACGC	Endothelial Stalk
P60CBRep1P1_ACGTATTGTTGT	Endothelial Stalk
P60CBRep3P1_ACATCCTTACAC	Endothelial Stalk
P60CBRep1P2_ATGCCGGTTTAC	Endothelial Stalk
P60CBRep1P1_CTTTGCTAAAGN	Endothelial Stalk
P60CBRep3P1_TAGGCTGCTCCC	Endothelial Stalk
P60CBRep1P3_GAGTTCGACCTA	Endothelial Stalk
P60CBRep3P1_TTCCAGATTCCG	Endothelial Stalk
P60CBRep1P1_AGAGAATTGGGA	Endothelial Stalk
P60CBRep1P2_CAGCCTTGATGT	Endothelial Stalk
P60CBRep1P2_CATAGACGAGGC	Endothelial Stalk
P60CBRep3P2_GCAAATTGCTCT	Endothelial Stalk
P60CBRep1P3_AAGCAGTAGTCG	Endothelial Stalk
P60CBRep2P1_CACCTATGAGAG	Endothelial Stalk
P60CBRep1P3_CCTGGTTCATGC	Endothelial Stalk
P60CBRep3P2_GCGTCGTAAGGT	Endothelial Stalk
P60CBRep2P2_AACTATTAAAGN	Endothelial Stalk
P60CBRep3P1_GATTTGCTGTAT	Endothelial Stalk
P60CBRep3P1_AGGTGAAATTAC	Endothelial Stalk
P60CBRep1P2_TCCAACCTCCCN	Endothelial Stalk
P60CBRep1P2_ACAGGTAGTAGC	Endothelial Stalk
P60CBRep1P2_GGAAATAGACAA	Endothelial Stalk
P60CBRep3P2_TAGTCTTCGAAA	Endothelial Stalk
P60CBRep1P3_TTCAATATCAAT	Endothelial Stalk
P60CBRep3P2_TGTGGACTTAAC	Endothelial Stalk
P60CBRep1P3_GTCCTAACACTG	Endothelial Stalk
P60CBRep3P1_GCTAAGGCTTCA	Oligo- Poly-dendrocyte
P60CBRep1P1_TCGCTTAGGCAT	Oligo- Poly-dendrocyte
P60CBRep3P2_CTTTATGAGCAA	Oligo- Poly-dendrocyte
P60CBRep3P1_CTAAACATAAAG	Oligo- Poly-dendrocyte
P60CBRep3P1_CGTGAGGGGTCN	Oligo- Poly-dendrocyte
P60CBRep2P1_GTGTCAGGTGTT	Oligo- Poly-dendrocyte
P60CBRep1P1_AAACTGGAAGAT	Oligo- Poly-dendrocyte
P60CBRep2P2_AAGTGCATCTTN	Oligo- Poly-dendrocyte
P60CBRep1P1_GTAGGATTACTG	Oligo- Poly-dendrocyte
P60CBRep1P1_GCTCCCACAGTT	Oligo- Poly-dendrocyte
P60CBRep1P1_AGACGCGTCTCA	Oligo- Poly-dendrocyte
P60CBRep1P3_AGTCAAGCTTGC	Oligo- Poly-dendrocyte
P60CBRep3P1_TGTGAGCCGAAN	Oligo- Poly-dendrocyte
P60CBRep1P1_CGGTGCAGCATC	Oligo- Poly-dendrocyte
P60CBRep2P2_CCACCCGTAGTC	Oligo- Poly-dendrocyte
P60CBRep2P2_TAGGGGAGCATC	Oligo- Poly-dendrocyte
P60CBRep3P1_TGTCTTTCGAGN	Oligo- Poly-dendrocyte
P60CBRep3P2_TGCCGGCTTAGC	Oligo- Poly-dendrocyte
P60CBRep1P2_AACCGATATTCG	Oligo- Poly-dendrocyte
P60CBRep3P1_TGCCTGACAGCG	Oligo- Poly-dendrocyte
P60CBRep1P3_ATGAAGCGGTCC	Oligo- Poly-dendrocyte
P60CBRep3P2_CTCCACCTTACN	Oligo- Poly-dendrocyte
P60CBRep1P1_TGCCTTAACACT	Oligo- Poly-dendrocyte
P60CBRep1P3_TTTGCCCTCGAC	Oligo- Poly-dendrocyte
P60CBRep2P2_TTTCACAAAGGA	Oligo- Poly-dendrocyte
P60CBRep1P1_ACCGTTTTGAAC	Oligo- Poly-dendrocyte
P60CBRep1P1_CCTTTATACTCG	Oligo- Poly-dendrocyte
P60CBRep1P1_TCCCAGAGCACN	Oligo- Poly-dendrocyte
P60CBRep2P2_TATCCTCGGTTN	Oligo- Poly-dendrocyte
P60CBRep3P2_ATCTCAGTAGGT	Oligo- Poly-dendrocyte
P60CBRep1P3_CTATTAACCTGA	Oligo- Poly-dendrocyte
P60CBRep1P1_TTCTCCAGCTTT	Oligo- Poly-dendrocyte
P60CBRep3P1_TGTTTAGTATTA	Oligo- Poly-dendrocyte
P60CBRep2P2_TTACCCCCGGAG	Oligo- Poly-dendrocyte
P60CBRep1P3_CGGAAGAGTCCN	Oligo- Poly-dendrocyte
P60CBRep2P2_GTTTCCTCCCGG	Oligo- Poly-dendrocyte
P60CBRep2P1_ACGATGCCGGGC	Oligo- Poly-dendrocyte
P60CBRep3P1_GCAAATGCCGTG	Oligo- Poly-dendrocyte
P60CBRep1P2_CGAGCAGAGAAT	Oligo- Poly-dendrocyte
P60CBRep1P1_CTTGACAACGGT	Oligo- Poly-dendrocyte
P60CBRep2P2_GAGTGCATCTTN	Oligo- Poly-dendrocyte
P60CBRep1P3_TATTAAGTACAC	Oligo- Poly-dendrocyte
P60CBRep3P2_CCGTGCGCAATG	Oligo- Poly-dendrocyte
P60CBRep2P2_TATCACGTTCAC	Oligo- Poly-dendrocyte
P60CBRep1P2_GTTAGCCTAAAG	Oligo- Poly-dendrocyte
P60CBRep1P2_CTTCCGATGAAG	Oligo- Poly-dendrocyte
P60CBRep1P2_CCCGACGTTCAT	Oligo- Poly-dendrocyte
P60CBRep1P3_CACCACTGGTGT	Oligo- Poly-dendrocyte
P60CBRep3P2_GAGTAATCAGCC	Oligo- Poly-dendrocyte
P60CBRep1P1_CTCCATATGGGT	Oligo- Poly-dendrocyte
P60CBRep3P1_CGTGCGTCAACG	Bergmann Glia
P60CBRep3P2_TGAGGTGCTCCC	Bergmann Glia
P60CBRep1P1_GTCAATGCAGAC	Bergmann Glia
P60CBRep1P1_CAGCCCCCGGCA	Bergmann Glia
P60CBRep1P1_GCTACCTGAACN	Bergmann Glia
P60CBRep1P1_ATACGTGCAGGN	Bergmann Glia
P60CBRep1P1_GACCGGAAGCCG	Bergmann Glia
P60CBRep1P3_CGTACCCGATTG	Bergmann Glia
P60CBRep1P1_CCAAGGCAGGCA	Bergmann Glia
P60CBRep3P2_GCGTGGCATTTA	Bergmann Glia
P60CBRep1P1_GAAGAAGCTCTC	Bergmann Glia
P60CBRep3P2_TACTTATTCCTT	Bergmann Glia
P60CBRep2P2_CGCCGATGCACT	Bergmann Glia
P60CBRep1P3_ATCTACAATTGC	Bergmann Glia
P60CBRep1P3_CCCACCTCAAGA	Bergmann Glia
P60CBRep3P2_CATCGTTATCGA	Bergmann Glia
P60CBRep1P3_CATTCCCTAGTG	Bergmann Glia
P60CBRep1P1_CTCCTATTAGTC	Bergmann Glia
P60CBRep3P1_ACCTTTTGTCGT	Bergmann Glia
P60CBRep3P2_TAAGACTACACC	Bergmann Glia
P60CBRep1P1_AAATGCACTCAA	Bergmann Glia
P60CBRep1P3_CGGGACCCTAGC	Bergmann Glia
P60CBRep3P2_TCGATGCTTGAG	Bergmann Glia
P60CBRep3P1_CGAATTACATCT	Bergmann Glia
P60CBRep1P1_CAAAACAAACGG	Bergmann Glia
P60CBRep1P1_GTAAACAACTCC	Bergmann Glia
P60CBRep3P2_GGGCGAAACCTA	Bergmann Glia
P60CBRep1P3_ACGTACAGGACT	Bergmann Glia
P60CBRep1P3_GAAAGAAGACGA	Bergmann Glia
P60CBRep2P2_CATGATAACACG	Bergmann Glia
P60CBRep3P1_TGAAGGTAGCTT	Bergmann Glia
P60CBRep1P3_GCTCTCTTTACT	Bergmann Glia
P60CBRep3P2_ACAGCAAAGATC	Bergmann Glia
P60CBRep3P1_CTGTGTGTAAGA	Bergmann Glia
P60CBRep3P1_CTCGTAAGACAN	Bergmann Glia
P60CBRep3P1_AACCGACCGGTG	Bergmann Glia
P60CBRep3P1_TTCATTTCCAAG	Bergmann Glia
P60CBRep1P2_CACGTGCATAGA	Bergmann Glia
P60CBRep1P2_AGACCACGTGGC	Bergmann Glia
P60CBRep1P1_GTCGGCAGCTTC	Bergmann Glia
P60CBRep1P1_TACCATCCCACC	Bergmann Glia
P60CBRep3P2_ATTTCAGCACAA	Bergmann Glia
P60CBRep2P1_TCCCTCGTTTAA	Bergmann Glia
P60CBRep3P2_ATAATATTTCCT	Bergmann Glia
P60CBRep1P1_ATCGGCAGCCTT	Bergmann Glia
P60CBRep1P3_CGAACCCCCAAC	Bergmann Glia
P60CBRep1P1_ATCACTGAAATT	Bergmann Glia
P60CBRep1P3_GCGCCCGTGTGT	Bergmann Glia
P60CBRep1P1_TGCTCTTCTGTA	Bergmann Glia
P60CBRep1P1_GTTGACCCGATT	Bergmann Glia
P60CBRep3P1_ATGTGCGTGCCT	Choroid Plexus
P60CBRep3P2_TACTTGATACGN	Choroid Plexus
P60CBRep2P2_CCAACCGTTCGT	Choroid Plexus
P60CBRep2P2_AGAAAGTCATCT	Choroid Plexus
P60CBRep3P2_ATGAAGAAGACT	Choroid Plexus
P60CBRep2P1_CTTAGCCCCGAN	Choroid Plexus
P60CBRep2P1_GGACCGAAAAAC	Choroid Plexus
P60CBRep2P2_TATGATCGCTAT	Choroid Plexus
P60CBRep1P3_AATCTCCCGCGG	Choroid Plexus
P60CBRep1P1_CTCCAGAACGGN	Choroid Plexus
P60CBRep3P2_ATACCTCGACTT	Choroid Plexus
P60CBRep1P1_ATATGTGCTGAC	Choroid Plexus
P60CBRep2P2_TGACTCTTTGAG	Choroid Plexus
P60CBRep1P1_CAGTGTTCTAGC	Choroid Plexus
P60CBRep3P1_CTGAGTATATTN	Choroid Plexus
P60CBRep1P1_CGGCCCTGACTA	Choroid Plexus
P60CBRep2P2_GGAAAGTCATCT	Choroid Plexus
P60CBRep2P1_AAGCTTGTCTTN	Choroid Plexus
P60CBRep2P2_GTACTCAGCCAT	Choroid Plexus
P60CBRep3P2_CCGTTTCCAATT	Choroid Plexus
P60CBRep1P3_TTTTCTATGTAT	Choroid Plexus
P60CBRep2P1_GAGCGCCGAAGT	Choroid Plexus
P60CBRep3P2_GTAAGGGTGGTC	Choroid Plexus
P60CBRep2P1_GCGCATCTCAGN	Choroid Plexus
P60CBRep3P1_CTGAAGTATATT	Choroid Plexus
P60CBRep1P1_CTCCAGTTAACC	Choroid Plexus
P60CBRep2P2_TCGGGAATCATG	Choroid Plexus
P60CBRep2P1_CGGCCCGCTCCC	Choroid Plexus
P60CBRep1P2_ATCTACGGGGTC	Choroid Plexus
P60CBRep2P1_ACCTTGGCGGTG	Choroid Plexus
P60CBRep1P1_AAAGCTTGGGAT	Choroid Plexus
P60CBRep2P1_GTGGCTTGCGCA	Choroid Plexus
P60CBRep1P2_GGATACCAGAGG	Choroid Plexus
P60CBRep2P1_TAGCTACACCCG	Choroid Plexus
P60CBRep1P1_GTCGGCTAGATT	Choroid Plexus
P60CBRep1P1_GTAACGTCCCTN	Choroid Plexus
P60CBRep1P1_GAGACTGTGCAN	Choroid Plexus
P60CBRep3P1_TCTAGGATAGCC	Choroid Plexus
P60CBRep3P1_CCCACGACGTCT	Choroid Plexus
P60CBRep3P1_GTCGGTCCCCGN	Choroid Plexus
P60CBRep2P1_CTATAGCCCCGA	Choroid Plexus
P60CBRep1P1_GAGGCTACTAGC	Choroid Plexus
P60CBRep3P2_TGTGAAACTTCG	Choroid Plexus
P60CBRep2P2_CCGCGGCCTAAA	Choroid Plexus
P60CBRep2P2_AGAAGTCATCTN	Choroid Plexus
P60CBRep3P1_AAAACATTTATN	Choroid Plexus
P60CBRep2P2_GCACCCTCGGAC	Choroid Plexus
P60CBRep3P2_TACATACATCGN	Choroid Plexus
P60CBRep1P1_TAATGCCGATCT	Choroid Plexus
P60CBRep3P1_AGGAAATGGGGA	Choroid Plexus
P60CBRep3P1_TGACCTCCCCTC	Granular
P60CBRep1P3_ACCGGGTAAGCT	Granular
P60CBRep3P1_GGCCTATTGGGA	Granular
P60CBRep2P2_CTAAAAGTTCGT	Granular
P60CBRep3P2_AGAACAGCCATG	Granular
P60CBRep3P1_ACGAGCAAATAC	Granular
P60CBRep1P1_GTTCGGAAACCA	Granular
P60CBRep1P1_CTCGCAGGCTTC	Granular
P60CBRep1P1_CGCATAGCCTCN	Granular
P60CBRep3P2_CGCAGGCTAATG	Granular
P60CBRep3P2_CAGAGAACTAAG	Granular
P60CBRep2P1_AGCAACTACGCG	Granular
P60CBRep3P1_TGCGGATCCCTA	Granular
P60CBRep3P2_AGAATCCCACCT	Granular
P60CBRep3P2_GTTCCATATGTG	Granular
P60CBRep1P1_AACAGCGTGCTA	Granular
P60CBRep3P1_CAACACCCCTCT	Granular
P60CBRep2P1_CACTAATATGCG	Granular
P60CBRep1P3_TGTCGCATGACC	Granular
P60CBRep1P1_GCGCCGGATGCC	Granular
P60CBRep3P2_GCATACGATCTG	Granular
P60CBRep3P1_AAGATCAGTCCG	Granular
P60CBRep2P2_GAGCAAGCAGGC	Granular
P60CBRep3P1_CCTATTCCCTCC	Granular
P60CBRep1P3_TCGCTTAGTCTA	Granular
P60CBRep3P1_ATGGTTTGCTGG	Granular
P60CBRep1P1_CCGAGTCTCCTG	Granular
P60CBRep1P3_TAGGTCTATTCA	Granular
P60CBRep2P2_GCGGGAACGGAC	Granular
P60CBRep1P1_CTCTACGCATCA	Granular
P60CBRep3P1_TGGCTGCGGATC	Granular
P60CBRep2P2_GTGATCATGTAG	Granular
P60CBRep2P2_AGACGTATATAG	Granular
P60CBRep3P1_GCATTATACTTG	Granular
P60CBRep1P3_GCGCTCCCCAGN	Granular
P60CBRep1P3_CACCGCGCGAGC	Granular
P60CBRep1P1_GGCTCTCAACGC	Granular
P60CBRep1P1_CGCCGTCAGTCT	Granular
P60CBRep1P1_ATCTTCTATTTN	Granular
P60CBRep3P2_AAAAACTTATAC	Granular
P60CBRep1P1_ATCAAACATAGG	Granular
P60CBRep3P2_GACTCCCCCACN	Granular
P60CBRep1P3_CAAGTGTTTATA	Granular
P60CBRep1P3_GAAGAGCATGCT	Granular
P60CBRep3P1_TCTTCTAGTCGC	Granular
P60CBRep1P1_TCCCGGCTTGTT	Granular
P60CBRep1P1_CTAATTGTTTCC	Granular
P60CBRep1P3_GTTTGCTGTACT	Granular
P60CBRep1P2_GCTTTTGCACTC	Granular
P60CBRep1P2_CGGTATATAACN	Granular
P60CBRep3P2_TTTGGCTTGCTT	PV Interneurons
P60CBRep1P1_CTAGGCGTCCTC	PV Interneurons
P60CBRep1P1_CATTTGCAGAAN	PV Interneurons
P60CBRep1P1_CGAATCTGTCCA	PV Interneurons
P60CBRep1P2_GAAACCCATTCC	PV Interneurons
P60CBRep1P3_ATCCATCTTTTA	PV Interneurons
P60CBRep1P3_TTCGCGTCATGG	PV Interneurons
P60CBRep3P1_CAACTAGGAAGG	PV Interneurons
P60CBRep1P3_TTTCCGACCAGA	PV Interneurons
P60CBRep3P1_GTTTCTCTCTTN	PV Interneurons
P60CBRep1P1_ATCCAAGTCACG	PV Interneurons
P60CBRep1P1_GTGTAGTAGATA	PV Interneurons
P60CBRep3P1_GTTCAGGTGTGC	PV Interneurons
P60CBRep1P1_TGCTGTCCGTTT	PV Interneurons
P60CBRep1P3_AAGAGGGTCTCG	PV Interneurons
P60CBRep1P1_GGCTCCTCTTCT	PV Interneurons
P60CBRep1P2_GCACCTATTATA	PV Interneurons
P60CBRep1P1_AACTATAATCCT	PV Interneurons
P60CBRep1P2_CCCACCAATCCN	PV Interneurons
P60CBRep1P1_ATTGTTAGCCGT	PV Interneurons
P60CBRep1P2_TACCTTCTAAAT	PV Interneurons
P60CBRep1P2_TTTCGGGCTCGN	PV Interneurons
P60CBRep1P1_TCAACTCAGCTA	PV Interneurons
P60CBRep1P1_ACTTCTCCACCT	PV Interneurons
P60CBRep1P1_CAAGCCAGCACT	PV Interneurons
P60CBRep1P3_CTCCGGACGGTG	PV Interneurons
P60CBRep3P2_GACCTTTCAACC	PV Interneurons
P60CBRep1P2_GTCTCCACGCAA	PV Interneurons
P60CBRep3P2_ATCTAAGGCGAN	PV Interneurons
P60CBRep3P1_CAAATTCGCGGC	PV Interneurons
P60CBRep3P2_CTTTCGCACCTA	PV Interneurons
P60CBRep3P2_TGAACGGGGTGA	PV Interneurons
P60CBRep1P3_AAGGGAACCGGA	PV Interneurons
P60CBRep3P1_ATCCCGAGTCCN	PV Interneurons
P60CBRep1P1_AAGTAGACCACC	PV Interneurons
P60CBRep1P3_TATTACCGTCCN	PV Interneurons
P60CBRep1P3_CTAAGACAGGGC	PV Interneurons
P60CBRep3P2_GAGTTGATGCAA	PV Interneurons
P60CBRep1P3_CTAGCCTGGTAT	PV Interneurons
P60CBRep1P1_CACAGAAAGTGN	PV Interneurons
P60CBRep1P3_GTGGAGTCGGTA	PV Interneurons
P60CBRep1P1_TTGGCAACGCCT	PV Interneurons
P60CBRep1P3_GCGTACCGGGTA	PV Interneurons
P60CBRep1P2_TGGACAATCTTA	PV Interneurons
P60CBRep3P1_TATCGAATTCAC	PV Interneurons
P60CBRep3P2_GGCACATCAGCT	PV Interneurons
P60CBRep1P3_CAAGCAGCGATC	PV Interneurons
P60CBRep1P3_GGGTCACTTAGT	PV Interneurons
P60CBRep2P2_AATACCCGCTTN	PV Interneurons
P60CBRep3P2_GTGTGGATCAGC	PV Interneurons
P60CBRep3P1_CCGCTGGCTAAA	Muraland Tip
P60CBRep2P2_CTAGAAGCAGGN	Muraland Tip
P60CBRep3P1_CTTGCCCCTCTT	Muraland Tip
P60CBRep3P1_ACAGACTTCGGG	Muraland Tip
P60CBRep3P1_TAAACCCATCGN	Muraland Tip
P60CBRep3P2_GCGGAAAAGAGT	Muraland Tip
P60CBRep3P1_ATTTGTGAGGCG	Muraland Tip
P60CBRep3P1_TGCGAGGCGTGC	Muraland Tip
P60CBRep3P2_CTGGATCGCCGG	Muraland Tip
P60CBRep3P2_TCAATTCGCTCT	Muraland Tip
P60CBRep1P1_AACACTCAAGGA	Muraland Tip
P60CBRep3P2_TATCCGATGTGC	Muraland Tip
P60CBRep3P2_GTAAGGCTAGAA	Muraland Tip
P60CBRep3P1_TCGTCTTTGAGA	Muraland Tip
P60CBRep3P1_TCCCCGCCACTA	Muraland Tip
P60CBRep3P1_GAGGAGCGTAGA	Muraland Tip
P60CBRep3P2_TATCGCTCTGTT	Muraland Tip
P60CBRep1P3_ATATACGACATG	Muraland Tip
P60CBRep2P2_CTGCCCTAGGTG	Muraland Tip
P60CBRep1P3_TTCACTATAAAT	Muraland Tip
P60CBRep3P1_ATTCAGCCGGAT	Muraland Tip
P60CBRep3P1_AGTCCCAGGCTT	Muraland Tip
P60CBRep3P1_GTCCAAATTACT	Muraland Tip
P60CBRep2P1_AGAAGGGCCGAG	Muraland Tip
P60CBRep2P2_TTGAATCGGTGA	Muraland Tip
P60CBRep3P2_ATTTTAATGTAT	Muraland Tip
P60CBRep1P1_CGTCTAATCTAA	Muraland Tip
P60CBRep3P2_ACGATAGAGCTG	Muraland Tip
P60CBRep3P2_ACGTACCGTGTG	Muraland Tip
P60CBRep3P2_AAGCCCTCGGGC	Muraland Tip
P60CBRep1P3_CAACGGGAACTT	Muraland Tip
P60CBRep3P1_CTGTCCGTACGA	Muraland Tip
P60CBRep3P1_TCCCACTCGAAG	Muraland Tip
P60CBRep3P2_GGTCTCCACTAC	Muraland Tip
P60CBRep1P1_CCCGCACGCTAG	Muraland Tip
P60CBRep3P1_CGTTAGACATTN	Muraland Tip
P60CBRep3P2_ACTCATATACTA	Muraland Tip
P60CBRep3P2_TCCACGATTTTG	Muraland Tip
P60CBRep3P1_CTATGTTTACTT	Muraland Tip
P60CBRep3P2_GATAACATGCTG	Muraland Tip
P60CBRep3P2_GAGAGGGTTGTT	Muraland Tip
P60CBRep1P3_ATAGACCTCGGT	Muraland Tip
P60CBRep1P2_AGTCCGGCGGTG	Muraland Tip
P60CBRep3P2_AACTTACTAGCN	Muraland Tip
P60CBRep3P2_TGTGCGGACCTN	Muraland Tip
P60CBRep3P1_TCCCTCCACCCC	Muraland Tip
P60CBRep3P1_CAGGGTAATACA	Muraland Tip
P60CBRep1P1_CGCTGACAGTCG	Muraland Tip
P60CBRep1P3_GGAATGGGTTAC	Muraland Tip
P60CBRep3P2_AGACCGGAGAGN	Muraland Tip
P60CBRep3P2_CCGCAGTCATGA	Astrocytes
P60CBRep1P1_CCTGTTCCTGCG	Astrocytes
P60CBRep1P1_CGAACATCCGCT	Astrocytes
P60CBRep3P2_GCATAAGACGTG	Astrocytes
P60CBRep3P2_ATGCCCGTACAG	Astrocytes
P60CBRep1P1_ACGGTTGGTGGT	Astrocytes
P60CBRep3P1_ATTTCCTGTCGA	Astrocytes
P60CBRep3P2_ATATCGCTTGTC	Astrocytes
P60CBRep1P1_TACACGCGCACC	Astrocytes
P60CBRep1P2_TCATCACGAGAN	Astrocytes
P60CBRep1P2_CTCGACCTTACG	Astrocytes
P60CBRep3P1_TGCCGGGCAAGT	Astrocytes
P60CBRep1P3_AGTACAGCTAAC	Astrocytes
P60CBRep3P2_CACTCTTCCATG	Astrocytes
P60CBRep1P1_TAATCGTCGGGC	Astrocytes
P60CBRep3P1_GGTTAGACCTAA	Astrocytes
P60CBRep1P1_CGAGCCATCCCT	Astrocytes
P60CBRep1P1_CCTTAATTTGTC	Astrocytes
P60CBRep1P3_CAGCCCGAGGGC	Astrocytes
P60CBRep2P1_TGTCTACTCTCA	Astrocytes
P60CBRep2P2_TGAGAACCACCN	Astrocytes
P60CBRep3P2_CCGTGGCCATAG	Astrocytes
P60CBRep2P1_ATGGCCTTCAGN	Astrocytes
P60CBRep3P2_CATGGAACAGGG	Astrocytes
P60CBRep1P1_ATTCGTACTCTT	Astrocytes
P60CBRep1P1_TACCACTACTCA	Astrocytes
P60CBRep1P1_CAGGTAAGCATT	Astrocytes
P60CBRep3P1_AGACCCTGTACG	Astrocytes
P60CBRep1P1_GAGTTACTAAGC	Astrocytes
P60CBRep2P1_GCTGGTAGTAGC	Astrocytes
P60CBRep1P3_GTACGGTCTCAT	Astrocytes
P60CBRep1P3_GGTGTCCCGGCT	Astrocytes
P60CBRep1P1_CGGGCTTACTGC	Astrocytes
P60CBRep3P2_CCCGCAAGCTTC	Astrocytes
P60CBRep3P1_ACCGAATCCCCN	Astrocytes
P60CBRep3P1_CGAAAAGCGGAG	Astrocytes
P60CBRep3P2_TTGCTGGGTTGC	Astrocytes
P60CBRep1P3_TAAGGGATGAGT	Astrocytes
P60CBRep3P2_AGGGTTTGCCGG	Astrocytes
P60CBRep3P1_CTCAGCTTACTA	Astrocytes
P60CBRep1P2_TAATAGCCCTCT	Astrocytes
P60CBRep3P1_CGAATCCCTTCC	Astrocytes
P60CBRep1P3_GACCAACGGGTG	Astrocytes
P60CBRep1P3_GACAGCGCTTCT	Astrocytes
P60CBRep3P1_AAAGGACGACTG	Astrocytes
P60CBRep1P2_CGGCTCTTGCGT	Astrocytes
P60CBRep3P2_AAGGAAAGAGAA	Astrocytes
P60CBRep1P3_CTTCTCCTGCCC	Astrocytes
P60CBRep3P2_AGCTTGCGTAAC	Astrocytes
P60CBRep1P1_GCTCGCTGCTTT	Astrocytes
P60CBRep3P2_TACTAGTGCTGA	Microglia
P60CBRep1P2_CCTTGTAGAACG	Microglia
P60CBRep3P2_AAAATTCGAGTT	Microglia
P60CBRep2P1_TTTCCAACGCAN	Microglia
P60CBRep3P1_CATTTAACAATC	Microglia
P60CBRep1P1_CAGTTGATCCGA	Microglia
P60CBRep1P1_AGGTTTATAGAG	Microglia
P60CBRep1P2_GGGGCACTGCGA	Microglia
P60CBRep1P1_CCGGCGTGACAC	Microglia
P60CBRep1P1_ATCAGAGCCATT	Microglia
P60CBRep1P3_TGTGGAACTCCT	Microglia
P60CBRep3P2_CCGTTACGTATT	Microglia
P60CBRep2P1_CGGGGCAATAAT	Microglia
P60CBRep2P2_CACCAGAGTGGA	Microglia
P60CBRep3P1_AAGTCTTCTAGG	Microglia
P60CBRep3P2_CAGCTCCGGCTA	Microglia
P60CBRep3P1_CAGCCCCAGCTT	Microglia
P60CBRep3P1_AAGCGGGGTATA	Microglia
P60CBRep1P2_AACATAGGGAGC	Microglia
P60CBRep1P1_GATCAGTATACC	Microglia
P60CBRep1P1_TGAGAGTGCTCC	Microglia
P60CBRep3P1_CAATCAATCGAG	Microglia
P60CBRep3P1_CACGGTAAAGAC	Microglia
P60CBRep1P2_CTGTATCGTGAT	Microglia
P60CBRep3P1_CCGCTTAACTGA	Microglia
P60CBRep3P1_GGCTCCGGACCC	Microglia
P60CBRep1P1_GCGAATGTTGGN	Microglia
P60CBRep3P2_CGTAACTTCTCC	Microglia
P60CBRep1P2_GGCGCCTTCCGC	Microglia
P60CBRep1P2_AGGGGCCGAATG	Microglia
P60CBRep3P2_AAGATCAGAACC	Microglia
P60CBRep1P1_AAATCAATATAG	Microglia
P60CBRep1P1_GGTACGGACTCT	Microglia
P60CBRep3P1_AGATACACATCG	Microglia
P60CBRep3P2_GAGACCTAGTTT	Microglia
P60CBRep3P2_TTGGTGGAGCAT	Microglia
P60CBRep3P2_TATAGGGAAGGG	Microglia
P60CBRep1P1_CAACGACATAAC	Microglia
P60CBRep1P1_CGGTAGCGCTTG	Microglia
P60CBRep1P1_GATGGTTAACGA	Microglia
P60CBRep3P2_CGGCAGGCATGT	Microglia
P60CBRep1P2_GAGGGTAGCTCA	Microglia
P60CBRep1P1_TTGGTGCTCGCT	Microglia
P60CBRep1P1_GTATCTTCACAT	Microglia
P60CBRep3P2_CAAGATAACCTC	Microglia
P60CBRep1P2_CAGATGTTGGAT	Microglia
P60CBRep1P2_GACTTCTCAACN	Microglia
P60CBRep1P2_CCTAAAATCTGG	Microglia
P60CBRep1P2_CCGCCCTCATAT	Microglia
P60CBRep1P1_GAGTCCTTTATN	Microglia
